mean_map50,std_map50,min_map50,max_map50,ci_lower_map50,ci_upper_map50,mean_map50_95,std_map50_95,min_map50_95,max_map50_95,ci_lower_map50_95,ci_upper_map50_95,mean_precision,std_precision,min_precision,max_precision,ci_lower_precision,ci_upper_precision,mean_recall,std_recall,min_recall,max_recall,ci_lower_recall,ci_upper_recall,mean_fps,std_fps,min_fps,max_fps,ci_lower_fps,ci_upper_fps,model_name
0.2459097507843302,0.008063014519364633,0.23904504938201923,0.2572272274009077,0.23678559092198953,0.25503391064667086,0.13473623447624733,0.006749069121977361,0.12821280836547894,0.14403190020403883,0.1270989438025154,0.14237352514997925,0.006275555555555556,0.0003553749541325209,0.005966666666666667,0.0067733333333333335,0.0058734109377094985,0.006677700173401613,0.590622195850989,0.033198728705505845,0.5463980463980463,0.6263871763255241,0.5530542977394297,0.6281900939625482,123.088270822762,8.478303754967994,112.53576576540094,133.29462777255102,113.49416695056571,132.6823746949583,yolov5n
